{"skills":[{"Technologies":":\n\nOffice 365 (SharePoint, Exchange, Lync),SharePoint Designer 2013,Visual Studio 2013,Access 2013,Windows Server 2008\/2012, MS SQL Server\n\nProgramming:\n\n.Net ( C# , ASP.NET ), HTML5, JavaScript, JQUERY, CSS3, SQL, JAVA, C++, C, PHP\n\n\n"}],"work":[{},{},{"summary":"\n\nEmployer: IMAM Non-profit Organization\n\nLocation: Dearborn, MI\n\nResponsibilities:\n\nAnalyzed problems, captured requirements, and produced specifications.\n\nEngage client to gather software requirements\/business rules, and ensure alignment with development teams\n\nProvide input into developing and modifying systems to meet client needs and develop business specifications to support these modifications\n\nInvolved in developing web applications using ASP.NET, C#, MS SQL SERVER, & JQUERY\n\nPosition: Network Administration\n\nDuration: Jan 2009 \u2013 March 2012\n\nEmployer: IMAM Non-profit Organization\n\nLocation: Dearborn, MI\n\n\nResponsibilities:\n\nWindows Server 2008\/2012 administration and troubleshooting\n\nSystems\/Network administration and troubleshooting\n\nTerminal server\/clients configuration\n\nDomain Controller \"Active Directory\" Server Administration\n\nNetworks\/Security\n\nPC Laptop\/Desktop\/Network printer\/ switches configuration and troubleshooting\n\n\n","position":"Software Engineer","startDate":"March 2012","endDate":"April 2014"},{},{"summary":" Oilfields Services\n\nLocation: Saudi Arabia\n\n\nResponsibilities:\n\nProviding IT support for 5 cities troubleshooting IT problems (PCs, Networks, security, Network printers and Servers)\n\nHandling ","position":"Administrator","startDate":"Oct 2002","company":"Schlumberger","endDate":"Oct 2005"},{"summary":" Dell units\n\nDeveloped a software to track Dell spare part requisitions using VB.NET.\n\n","position":"agent","startDate":"2000","company":"Dell"},{},{"summary":" \u2013 Present\n\nEmployer: Keyshift LLC\n\nLocation: Dearborn, MI\n\nResponsibilities:\n\nDevelop ASP.NET MVC applications using Microsoft Visual Studio, C#, Javascript, Jquery, Entity Framework.�\n\nInvolved in development of Web Forms, classes using ASP.NET that incorporates with Database Connectivity�with MS SQL Server\n\n","position":"Web Developer","startDate":"May 2014"}],"basics":{"phone":["(313)333-7197"],"email":["ali.alr@outlook.com"],"name":Ali Al },"interests":[],"education":[{"EDUCATION":"\n\nWayne State University\n\nMay 2016\n\nMaster in Computer Science\n\nDetroit, MI\n\nUniversity of Michigan-Dearborn\n\nApril 2011\n\nMaster of Science in Computer Engineering\n\nDearborn, MI\n\nLawrence Technological University\n\nDec 2008\n\nBachelor of Science in computer science\n\nSouthfield, MI\n\nCDI College of Business & Technology\n\nMay 2002\n\nDiploma in Programming Analysis\/Internet Solutions Development\n\nMontreal, Canada\n"}]}